Task ID,Category,Screen,Route,Page Entry,Requirement Ref,Depends On,Expected Files,Detail File Exists,wave_id
API-ADMIN-URLS,api,,,,REQ-FUNC-077,DB-ACCESS,src/app/api/admin/urls/route.ts,yes,W07
API-BLOCK-REPORT,api,,,,REQ-FUNC-039;REQ-FUNC-040;REQ-FUNC-041;REQ-FUNC-042;REQ-FUNC-043;REQ-NF-019,DB-ACCESS,src/app/api/moderation/route.ts,yes,W07
API-MATE-POSTS,api,,,,REQ-FUNC-031;REQ-FUNC-032;REQ-FUNC-037;REQ-FUNC-038,DB-ACCESS,src/app/api/mates/route.ts;src/app/api/mates/[id]/route.ts;src/lib/contact-detection.ts,yes,W07
API-PARTICIPATION,api,,,,REQ-FUNC-034;REQ-FUNC-035;REQ-FUNC-036,DB-ACCESS;API-MATE-POSTS,src/app/api/participation/route.ts,yes,W07
AUTH-SUPABASE-EMAIL,auth,,,,REQ-FUNC-027;REQ-FUNC-028;REQ-FUNC-066,DB-SCHEMA-BASE;DB-RLS-BASE,src/lib/auth.ts;src/app/auth/callback/route.ts,yes,W06
CI-PIPELINE-BASE,ci,,,,REQ-NF-031;REQ-NF-032,TASK-PAGE-SCR001;TASK-PAGE-SCR002;TASK-PAGE-SCR003;TASK-PAGE-SCR004;TASK-PAGE-SCR005,.github/workflows/ci.yml,yes,W15
COMP-GLOBAL-A11Y,component,,,,REQ-FUNC-079;REQ-NF-023,COMP-GLOBAL-DESIGN-TOKENS,src/components/shared/*;src/lib/a11y.ts,yes,W02
COMP-GLOBAL-DESIGN-TOKENS,component,,,,,,tailwind.config.ts;src/app/globals.css,yes,W01
COMP-GLOBAL-EMPTY-STATE-BLOCK,component,,,,,COMP-GLOBAL-DESIGN-TOKENS,src/components/shared/EmptyState.tsx,yes,W02
COMP-GLOBAL-ERROR-PAGES,component,,,,REQ-FUNC-078,COMP-GLOBAL-DESIGN-TOKENS,src/app/not-found.tsx;src/app/error.tsx;src/app/global-error.tsx,yes,W02
COMP-GLOBAL-FAVORITES,component,,,,REQ-FUNC-068,,src/lib/favorites.ts,yes,W02
COMP-GLOBAL-HEADER-FOOTER,component,,,,REQ-FUNC-064,COMP-GLOBAL-DESIGN-TOKENS,src/components/shared/Header.tsx;src/components/shared/Footer.tsx,yes,W02
COMP-GLOBAL-RESPONSIVE-LAYOUT,component,,,,REQ-FUNC-065;REQ-NF-006,COMP-GLOBAL-DESIGN-TOKENS,src/components/shared/ResponsiveGrid.tsx;next.config.ts,yes,W02
COMP-GLOBAL-SEO-META,component,,,,REQ-FUNC-070;REQ-NF-030,,src/app/layout.tsx;page.tsx;generateMetadata,yes,W02
COMP-GLOBAL-TOAST,component,,,,REQ-FUNC-043,COMP-GLOBAL-DESIGN-TOKENS,src/components/shared/Toast.tsx,yes,W03
COMP-SCR001-ABOUT-SUMMARY,component,SCR-001,,,,DATA-REPRESENTATIVE,src/components/scr001/AboutSummaryBlock.tsx,yes,W08
COMP-SCR001-DEST-DETAIL-DRAWER,component,SCR-001,,,REQ-FUNC-004;REQ-FUNC-006;REQ-FUNC-009,DATA-DESTINATIONS;DATA-SAFETY,src/components/scr001/DestinationDrawer.tsx,yes,W08
COMP-SCR001-DOMESTIC-GRID,component,SCR-001,,,REQ-FUNC-001;REQ-FUNC-005;REQ-FUNC-007,DATA-DESTINATIONS;COMP-GLOBAL-FAVORITES,src/components/scr001/DestinationGrid.tsx,yes,W08
COMP-SCR001-INTL-GRID,component,SCR-001,,,REQ-FUNC-001;REQ-FUNC-007,DATA-DESTINATIONS;COMP-GLOBAL-FAVORITES,src/components/scr001/DestinationGrid.tsx,yes,W09
COMP-SCR001-MATE-PREVIEW,component,SCR-001,,,,API-MATE-POSTS;COMP-GLOBAL-EMPTY-STATE-BLOCK,src/components/scr001/RecentMatePreview.tsx,yes,W09
COMP-SCR001-SAFETY-GRID,component,SCR-001,,,REQ-FUNC-047;REQ-FUNC-048;REQ-FUNC-049;REQ-FUNC-050;REQ-FUNC-051;REQ-FUNC-052;REQ-FUNC-053;REQ-FUNC-054;REQ-NF-028,DATA-SAFETY,src/components/scr001/CountrySafetyGrid.tsx;src/components/scr001/SafetyDrawer.tsx,yes,W09
COMP-SCR001-SEARCH-HERO,component,SCR-001,,,REQ-FUNC-002;REQ-FUNC-003;REQ-FUNC-067,COMP-GLOBAL-DESIGN-TOKENS;DATA-DESTINATIONS,src/components/scr001/SearchHero.tsx,yes,W09
COMP-SCR001-THEME-CHIPS,component,SCR-001,,,,COMP-GLOBAL-DESIGN-TOKENS,src/components/scr001/ThemeChips.tsx,yes,W09
COMP-SCR002-GALLERY,component,SCR-002,,,REQ-FUNC-061,DATA-REPRESENTATIVE,src/components/scr002/PhotoGallery.tsx,yes,W10
COMP-SCR002-INTRO-PHILOSOPHY,component,SCR-002,,,REQ-FUNC-058,DATA-REPRESENTATIVE,src/components/scr002/IntroPhilosophy.tsx,yes,W10
COMP-SCR002-PROFILE-HERO,component,SCR-002,,,REQ-FUNC-061,DATA-REPRESENTATIVE,src/components/scr002/ProfileHero.tsx,yes,W10
COMP-SCR002-RECOMMENDED-DEST,component,SCR-002,,,REQ-FUNC-062;REQ-FUNC-063,DATA-REPRESENTATIVE;DATA-DESTINATIONS,src/components/scr002/RecommendedDestinations.tsx,yes,W10
COMP-SCR002-TIMELINE,component,SCR-002,,,REQ-FUNC-060,DATA-REPRESENTATIVE,src/components/scr002/Timeline.tsx,yes,W10
COMP-SCR002-TRAVEL-STATS,component,SCR-002,,,REQ-FUNC-057,DATA-REPRESENTATIVE,src/components/scr002/TravelStats.tsx,yes,W10
COMP-SCR002-VISITED-COUNTRIES,component,SCR-002,,,REQ-FUNC-059,DATA-REPRESENTATIVE,src/components/scr002/VisitedCountries.tsx,yes,W10
COMP-SCR003-FLIGHT-FORM,component,SCR-003,,,REQ-FUNC-011;REQ-FUNC-012;REQ-FUNC-013;REQ-FUNC-014;REQ-FUNC-015;REQ-FUNC-016;REQ-FUNC-017;REQ-FUNC-018,COMP-GLOBAL-DESIGN-TOKENS,src/components/scr003/FlightForm.tsx,yes,W12
COMP-SCR003-HOTEL-FORM,component,SCR-003,,,REQ-FUNC-019;REQ-FUNC-020;REQ-FUNC-021;REQ-FUNC-022;REQ-FUNC-023;REQ-FUNC-024;REQ-FUNC-025;REQ-FUNC-026,COMP-GLOBAL-DESIGN-TOKENS,src/components/scr003/HotelForm.tsx,yes,W12
COMP-SCR003-INTRO-TABS,component,SCR-003,,,,COMP-GLOBAL-DESIGN-TOKENS,src/components/scr003/IntroTabs.tsx,yes,W12
COMP-SCR003-MATE-COMPOSER,component,SCR-003,,,REQ-FUNC-027;REQ-FUNC-028;REQ-FUNC-031;REQ-FUNC-032;REQ-FUNC-080,AUTH-SUPABASE-EMAIL;API-MATE-POSTS,src/components/scr003/MateComposer.tsx,yes,W12
COMP-SCR004-APPLY-FLOW,component,SCR-004,,,REQ-FUNC-034;REQ-FUNC-035,API-PARTICIPATION,src/components/scr004/ApplyFlow.tsx,yes,W13
COMP-SCR004-FILTER-BAR,component,SCR-004,,,REQ-FUNC-030,API-MATE-POSTS,src/components/scr004/FilterBar.tsx,yes,W13
COMP-SCR004-INTRO-CTA,component,SCR-004,,,,COMP-GLOBAL-DESIGN-TOKENS,src/components/scr004/IntroCta.tsx,yes,W13
COMP-SCR004-POST-DETAIL,component,SCR-004,,,REQ-FUNC-033,API-MATE-POSTS,src/components/scr004/PostDetail.tsx,yes,W13
COMP-SCR004-POST-LIST,component,SCR-004,,,REQ-FUNC-037,API-MATE-POSTS,src/components/scr004/PostList.tsx,yes,W13
COMP-SCR004-REPORT-BLOCK,component,SCR-004,,,REQ-FUNC-039;REQ-FUNC-040;REQ-FUNC-043,API-BLOCK-REPORT;COMP-GLOBAL-TOAST,src/components/scr004/ReportBlockPanel.tsx,yes,W13
COMP-SCR005-ADMIN,component,SCR-005,,,REQ-FUNC-041;REQ-FUNC-042;REQ-FUNC-077,API-BLOCK-REPORT;API-ADMIN-URLS,src/components/scr005/AdminPanel.tsx,yes,W14
COMP-SCR005-AUTH,component,SCR-005,,,REQ-FUNC-066,AUTH-SUPABASE-EMAIL,src/components/scr005/AuthPanel.tsx,yes,W14
COMP-SCR005-MY-ACTIVITY,component,SCR-005,,,REQ-FUNC-036;REQ-FUNC-038;REQ-FUNC-040;REQ-FUNC-068,API-MATE-POSTS;API-PARTICIPATION;COMP-GLOBAL-FAVORITES,src/components/scr005/MyActivity.tsx,yes,W14
COMP-SCR005-PROFILE,component,SCR-005,,,REQ-FUNC-029,DB-ACCESS,src/components/scr005/ProfileSummary.tsx,yes,W14
DATA-DESTINATIONS,data,,,,REQ-FUNC-001;REQ-FUNC-002;REQ-FUNC-003;REQ-FUNC-004;REQ-FUNC-005;REQ-FUNC-006;REQ-FUNC-007;REQ-FUNC-009,,src/data/destinations.ts,yes,W03
DATA-REPRESENTATIVE,data,,,,REQ-FUNC-057;REQ-FUNC-058;REQ-FUNC-059;REQ-FUNC-060;REQ-FUNC-061;REQ-FUNC-062;REQ-FUNC-063,,src/data/representative.ts,yes,W03
DATA-SAFETY,data,,,,REQ-FUNC-046;REQ-FUNC-047;REQ-FUNC-048;REQ-FUNC-049;REQ-FUNC-050;REQ-FUNC-051;REQ-FUNC-052;REQ-FUNC-053;REQ-FUNC-054;REQ-NF-027,,src/data/safety.ts,yes,W03
DATA-VALIDATION-SCRIPT,data,,,,REQ-FUNC-008;REQ-FUNC-074;REQ-NF-026;REQ-NF-027,DATA-DESTINATIONS;DATA-SAFETY;DATA-REPRESENTATIVE,scripts/validate_content_data.mjs,yes,W03
DB-ACCESS,db,,,,REQ-NF-012;REQ-NF-016;REQ-NF-017,DB-SCHEMA-BASE;DB-RLS-BASE,src/lib/db.ts;src/lib/supabase-client.ts,yes,W06
DB-RLS-BASE,db,,,,REQ-FUNC-044;REQ-NF-013;REQ-NF-014;REQ-NF-015,DB-SCHEMA-BASE,supabase/migrations/0002_rls.sql,yes,W05
DB-SCHEMA-BASE,db,,,,REQ-FUNC-029;REQ-FUNC-031;REQ-FUNC-034;REQ-FUNC-039;REQ-FUNC-041;REQ-FUNC-077,,supabase/migrations/0001_schema.sql,yes,W04
DB-SEED-BASE,db,,,,,DB-SCHEMA-BASE,supabase/seed.sql,yes,W07
E2E-MATE-AUTH,e2e,,,,,TASK-PAGE-SCR004;TASK-PAGE-SCR005,e2e/mate-auth.spec.ts,yes,W15
E2E-PUBLIC-SMOKE,e2e,,,,,TASK-PAGE-SCR001;TASK-PAGE-SCR002;COMP-GLOBAL-ERROR-PAGES,e2e/public-smoke.spec.ts,yes,W15
E2E-TRAVEL-TOOLS,e2e,,,,,TASK-PAGE-SCR003,e2e/travel-tools.spec.ts,yes,W15
MANUAL-A11Y-CHECK,manual,,,,REQ-NF-023;REQ-NF-024;REQ-NF-025,TASK-PAGE-SCR001;TASK-PAGE-SCR002;TASK-PAGE-SCR003;TASK-PAGE-SCR004;TASK-PAGE-SCR005,tests/a11y/axe.spec.ts,yes,W15
MANUAL-PERFORMANCE-CHECK,manual,,,,REQ-NF-001;REQ-NF-002;REQ-NF-003,TASK-PAGE-SCR001;TASK-PAGE-SCR002;TASK-PAGE-SCR003;TASK-PAGE-SCR004;TASK-PAGE-SCR005,,yes,W15
RELEASE-CHECK-VERCEL-SUPABASE,ci,,,,REQ-NF-005;REQ-NF-012;REQ-NF-016;REQ-NF-019;REQ-NF-034,CI-PIPELINE-BASE;E2E-PUBLIC-SMOKE;E2E-TRAVEL-TOOLS;E2E-MATE-AUTH,docs/RELEASE_CHECKLIST.md,yes,W17
TASK-PAGE-SCR001,page_owner,SCR-001,/,src/app/page.tsx,REQ-FUNC-001;REQ-FUNC-002;REQ-FUNC-003;REQ-FUNC-004;REQ-FUNC-005;REQ-FUNC-006;REQ-FUNC-007;REQ-FUNC-009;REQ-FUNC-064;REQ-FUNC-065;REQ-FUNC-067;REQ-FUNC-068;REQ-FUNC-079,COMP-SCR001-SEARCH-HERO;COMP-SCR001-DOMESTIC-GRID;COMP-SCR001-INTL-GRID;COMP-SCR001-THEME-CHIPS;COMP-SCR001-SAFETY-GRID;COMP-SCR001-DEST-DETAIL-DRAWER;COMP-SCR001-MATE-PREVIEW;COMP-SCR001-ABOUT-SUMMARY;COMP-GLOBAL-HEADER-FOOTER;COMP-GLOBAL-EMPTY-STATE-BLOCK;COMP-GLOBAL-FAVORITES;COMP-GLOBAL-DESIGN-TOKENS;DATA-DESTINATIONS;DATA-SAFETY,src/app/page.tsx,yes,W09
TASK-PAGE-SCR002,page_owner,SCR-002,/about,src/app/about/page.tsx,REQ-FUNC-057;REQ-FUNC-058;REQ-FUNC-059;REQ-FUNC-060;REQ-FUNC-061;REQ-FUNC-062;REQ-FUNC-063;REQ-FUNC-064;REQ-FUNC-065;REQ-FUNC-079,COMP-SCR002-PROFILE-HERO;COMP-SCR002-TRAVEL-STATS;COMP-SCR002-INTRO-PHILOSOPHY;COMP-SCR002-TIMELINE;COMP-SCR002-VISITED-COUNTRIES;COMP-SCR002-GALLERY;COMP-SCR002-RECOMMENDED-DEST;COMP-GLOBAL-HEADER-FOOTER;COMP-GLOBAL-DESIGN-TOKENS;DATA-REPRESENTATIVE,src/app/about/page.tsx,yes,W11
TASK-PAGE-SCR003,page_owner,SCR-003,/travel-tools,src/app/travel-tools/page.tsx,REQ-FUNC-054;REQ-FUNC-064;REQ-FUNC-065;REQ-FUNC-079;REQ-FUNC-080,COMP-SCR003-INTRO-TABS;COMP-SCR003-FLIGHT-FORM;COMP-SCR003-HOTEL-FORM;COMP-SCR003-MATE-COMPOSER;COMP-GLOBAL-HEADER-FOOTER;COMP-GLOBAL-DESIGN-TOKENS;AUTH-SUPABASE-EMAIL;API-MATE-POSTS,src/app/travel-tools/page.tsx,yes,W12
TASK-PAGE-SCR004,page_owner,SCR-004,/mates,src/app/mates/page.tsx,REQ-FUNC-064;REQ-FUNC-065;REQ-FUNC-079,COMP-SCR004-INTRO-CTA;COMP-SCR004-FILTER-BAR;COMP-SCR004-POST-LIST;COMP-SCR004-POST-DETAIL;COMP-SCR004-APPLY-FLOW;COMP-SCR004-REPORT-BLOCK;API-MATE-POSTS;API-PARTICIPATION;API-BLOCK-REPORT;COMP-GLOBAL-HEADER-FOOTER;COMP-GLOBAL-EMPTY-STATE-BLOCK;COMP-GLOBAL-TOAST;COMP-GLOBAL-DESIGN-TOKENS,src/app/mates/page.tsx,yes,W13
TASK-PAGE-SCR005,page_owner,SCR-005,/account,src/app/account/page.tsx,REQ-FUNC-064;REQ-FUNC-065;REQ-FUNC-066;REQ-FUNC-079,COMP-SCR005-AUTH;COMP-SCR005-PROFILE;COMP-SCR005-MY-ACTIVITY;COMP-SCR005-ADMIN;AUTH-SUPABASE-EMAIL;API-MATE-POSTS;API-PARTICIPATION;API-BLOCK-REPORT;API-ADMIN-URLS;COMP-GLOBAL-FAVORITES;COMP-GLOBAL-HEADER-FOOTER;COMP-GLOBAL-EMPTY-STATE-BLOCK;COMP-GLOBAL-TOAST;COMP-GLOBAL-DESIGN-TOKENS,src/app/account/page.tsx,yes,W14
TEST-RLS-BASIC,integration_test,,,,REQ-FUNC-044;REQ-NF-013;REQ-NF-014;REQ-NF-015,DB-RLS-BASE,tests/rls/basic.test.ts,yes,W15
UNIT-CONTACT-DETECTION,unit_test,,,,REQ-FUNC-032,API-MATE-POSTS,tests/unit/contact-detection.test.ts,yes,W16
UNIT-MATE-STATE,unit_test,,,,REQ-FUNC-035;REQ-FUNC-037,API-MATE-POSTS;API-PARTICIPATION,tests/unit/mate-state.test.ts,yes,W16
UNIT-TRAVEL-DATES,unit_test,,,,REQ-FUNC-013;REQ-FUNC-021,COMP-SCR003-FLIGHT-FORM;COMP-SCR003-HOTEL-FORM,tests/unit/travel-dates.test.ts,yes,W16
